{
    "unstructured_sparse_config": {
        "pruning_amount": 0.5
    },
    "metrics_values": {
        "val_metrics": {
            "accuracy": 0.891,
            "avg_loss": 0.32694938259124756,
            "samples_per_second": 9173.38289014687,
            "avg_time_per_batch": 0.0068994328481031065,
            "avg_time_per_sample": 0.00010901103900002908,
            "params_stats": {
                "int_weight_params": 0,
                "float_weight_params": 2202560,
                "float_bias_params": 10,
                "bn_param_params": 34112,
                "other_float_params": 0,
                "total_params": 2236682,
                "approx_memory_mb_for_params": 8.532264709472656
            }
        },
        "test_metrics": {
            "accuracy": 0.8905,
            "avg_loss": 0.32940822591781616,
            "samples_per_second": 8862.135771020532,
            "avg_time_per_batch": 0.007187236707003052,
            "avg_time_per_sample": 0.00011283961629994792,
            "params_stats": {
                "int_weight_params": 0,
                "float_weight_params": 2202560,
                "float_bias_params": 10,
                "bn_param_params": 34112,
                "other_float_params": 0,
                "total_params": 2236682,
                "approx_memory_mb_for_params": 8.532264709472656
            }
        }
    }
}