{
    "unstructured_sparse_config": {
        "pruning_amount": 0.5
    },
    "metrics_values": {
        "val_metrics": {
            "accuracy": 0.8944,
            "avg_loss": 0.3109741989135742,
            "samples_per_second": 9218.463733411141,
            "avg_time_per_batch": 0.006865692708766179,
            "avg_time_per_sample": 0.00010847794479850564,
            "params_stats": {
                "int_weight_params": 0,
                "float_weight_params": 2202560,
                "float_bias_params": 10,
                "bn_param_params": 34112,
                "other_float_params": 0,
                "total_params": 2236682,
                "approx_memory_mb_for_params": 8.532264709472656
            }
        },
        "test_metrics": {
            "accuracy": 0.8961,
            "avg_loss": 0.2990200488567352,
            "samples_per_second": 8999.642027623613,
            "avg_time_per_batch": 0.007077422337512935,
            "avg_time_per_sample": 0.00011111553069895308,
            "params_stats": {
                "int_weight_params": 0,
                "float_weight_params": 2202560,
                "float_bias_params": 10,
                "bn_param_params": 34112,
                "other_float_params": 0,
                "total_params": 2236682,
                "approx_memory_mb_for_params": 8.532264709472656
            }
        }
    }
}