{
    "unstructured_sparse_config": {
        "pruning_amount": 0.5
    },
    "metrics_values": {
        "val_metrics": {
            "accuracy": 0.8988,
            "avg_loss": 0.2966838921070099,
            "samples_per_second": 9163.376319685154,
            "avg_time_per_batch": 6.906967151893742,
            "avg_time_per_sample": 0.10913008099992112,
            "params_stats": {
                "int_weight_params": 0,
                "float_weight_params": 2202560,
                "float_bias_params": 10,
                "bn_param_params": 34112,
                "other_float_params": 0,
                "total_params": 2236682
            }
        },
        "test_metrics": {
            "accuracy": 0.8978,
            "avg_loss": 0.2983366271018982,
            "samples_per_second": 8315.195356125754,
            "avg_time_per_batch": 7.659984496816468,
            "avg_time_per_sample": 0.12026175660001855,
            "params_stats": {
                "int_weight_params": 0,
                "float_weight_params": 2202560,
                "float_bias_params": 10,
                "bn_param_params": 34112,
                "other_float_params": 0,
                "total_params": 2236682
            }
        }
    }
}