{
    "metrics_values": {
        "accuracy": 0.8238,
        "avg_loss": 0.5316822466373443,
        "samples_per_second": 189.90651652541837,
        "avg_time_per_batch": 0.16769900443989844,
        "avg_time_per_sample": 0.005265748739412811,
        "params_stats": {
            "int_weight_params": 2202560,
            "float_weight_params": 0,
            "float_bias_params": 17066,
            "bn_param_params": 0,
            "other_float_params": 0,
            "total_params": 2219626,
            "approx_memory_mb_for_params": 2.1656265258789062
        }
    }
}