{
    "metrics_values": {
        "accuracy": 0.8504,
        "avg_loss": 0.4302297712802887,
        "samples_per_second": 726.9704972437492,
        "avg_time_per_batch": 0.043808014051062126,
        "avg_time_per_sample": 0.0013755716412033507,
        "params_stats": {
            "int_weight_params": 2202560,
            "float_weight_params": 0,
            "float_bias_params": 17066,
            "bn_param_params": 0,
            "other_float_params": 0,
            "total_params": 2219626,
            "approx_memory_mb_for_params": 2.1656265258789062
        }
    }
}