{
    "metrics_values": {
        "val_metrics": {
            "accuracy": 0.8552,
            "avg_loss": 0.4192711515903473,
            "samples_per_second": 736.4468578791865,
            "avg_time_per_batch": 43.244306655981795,
            "avg_time_per_sample": 1.3578712289978285,
            "params_stats": {
                "int_weight_params": 2202560,
                "float_weight_params": 0,
                "float_bias_params": 17066,
                "bn_param_params": 0,
                "other_float_params": 0,
                "total_params": 2219626
            }
        },
        "test_metrics": {
            "accuracy": 0.8554,
            "avg_loss": 0.42376697409152986,
            "samples_per_second": 733.8227567241349,
            "avg_time_per_batch": 43.537600185309984,
            "avg_time_per_sample": 1.3627268858002026,
            "params_stats": {
                "int_weight_params": 2202560,
                "float_weight_params": 0,
                "float_bias_params": 17066,
                "bn_param_params": 0,
                "other_float_params": 0,
                "total_params": 2219626
            }
        }
    }
}