{
    "metrics_values": {
        "val_metrics": {
            "accuracy": 0.7096,
            "avg_loss": 0.8294594802856445,
            "samples_per_second": 3396.153946818515,
            "avg_time_per_batch": 0.01863612198728414,
            "avg_time_per_sample": 0.0002944507273990894,
            "n_params": 1484452,
            "n_nonzero_params": 1484452
        },
        "test_metrics": {
            "accuracy": 0.8414,
            "avg_loss": 0.4564955328941345,
            "samples_per_second": 6989.829284702632,
            "avg_time_per_batch": 0.009112421050871676,
            "avg_time_per_sample": 0.0001430650104986853,
            "n_params": 1484452,
            "n_nonzero_params": 1484452
        },
        "relative_sparsity": 1.0
    }
}