{
    "metrics_values": {
        "val_metrics": {
            "accuracy": 0.7028,
            "avg_loss": 0.8773871086120606,
            "samples_per_second": 4538.436999587561,
            "avg_time_per_batch": 0.013945580658331938,
            "avg_time_per_sample": 0.00022034017440164462,
            "n_params": 1484452,
            "n_nonzero_params": 1484452
        },
        "test_metrics": {
            "accuracy": 0.8316,
            "avg_loss": 0.49492708320617673,
            "samples_per_second": 7826.9363929930605,
            "avg_time_per_batch": 0.008137828687728296,
            "avg_time_per_sample": 0.00012776391039733426,
            "n_params": 1484452,
            "n_nonzero_params": 1484452
        },
        "relative_sparsity": 1.0
    }
}