{
    "metrics_values": {
        "val_metrics": {
            "accuracy": 0.7892,
            "avg_loss": 0.6139473709106446,
            "samples_per_second": 9049.953083963761,
            "avg_time_per_batch": 0.006993532303792413,
            "avg_time_per_sample": 0.00011049781039992013,
            "params_stats": {
                "int_weight_params": 0,
                "float_weight_params": 584051,
                "float_bias_params": 10,
                "bn_param_params": 17100,
                "other_float_params": 0,
                "total_params": 601161,
                "approx_memory_mb_for_params": 2.2932472229003906
            }
        },
        "test_metrics": {
            "accuracy": 0.7872,
            "avg_loss": 0.6139407681465149,
            "samples_per_second": 10497.233072640314,
            "avg_time_per_batch": 0.006067719662425565,
            "avg_time_per_sample": 9.526319870008137e-05,
            "params_stats": {
                "int_weight_params": 0,
                "float_weight_params": 584051,
                "float_bias_params": 10,
                "bn_param_params": 17100,
                "other_float_params": 0,
                "total_params": 601161,
                "approx_memory_mb_for_params": 2.2932472229003906
            }
        },
        "relative_sparsity": 0.26877356727509766
    }
}