{
    "metrics_values": {
        "val_metrics": {
            "accuracy": 0.7786,
            "avg_loss": 0.6373517791748047,
            "samples_per_second": 8738.840374260728,
            "avg_time_per_batch": 7.242510050523782,
            "avg_time_per_sample": 0.11443165879827574,
            "params_stats": {
                "int_weight_params": 0,
                "float_weight_params": 584051,
                "float_bias_params": 10,
                "bn_param_params": 17100,
                "other_float_params": 0,
                "total_params": 601161
            }
        },
        "test_metrics": {
            "accuracy": 0.7826,
            "avg_loss": 0.6336227477073669,
            "samples_per_second": 9195.466299595091,
            "avg_time_per_batch": 6.926703381940321,
            "avg_time_per_sample": 0.10874924309646303,
            "params_stats": {
                "int_weight_params": 0,
                "float_weight_params": 584051,
                "float_bias_params": 10,
                "bn_param_params": 17100,
                "other_float_params": 0,
                "total_params": 601161
            }
        },
        "relative_sparsity": 0.26877356727509766
    }
}