{
    "metrics_values": {
        "val_metrics": {
            "accuracy": 0.7962,
            "avg_loss": 0.6144605758666992,
            "samples_per_second": 8992.145819239982,
            "avg_time_per_batch": 7.0384912025209685,
            "avg_time_per_sample": 0.1112081609998313,
            "params_stats": {
                "int_weight_params": 0,
                "float_weight_params": 584051,
                "float_bias_params": 10,
                "bn_param_params": 17100,
                "other_float_params": 0,
                "total_params": 601161
            }
        },
        "test_metrics": {
            "accuracy": 0.786,
            "avg_loss": 0.6294829012393951,
            "samples_per_second": 10037.624822099322,
            "avg_time_per_batch": 6.345551726110661,
            "avg_time_per_sample": 0.09962516209993737,
            "params_stats": {
                "int_weight_params": 0,
                "float_weight_params": 584051,
                "float_bias_params": 10,
                "bn_param_params": 17100,
                "other_float_params": 0,
                "total_params": 601161
            }
        },
        "relative_sparsity": 0.26877356727509766
    }
}