{
    "metrics_values": {
        "val_metrics": {
            "accuracy": 0.7818,
            "avg_loss": 0.6547782015800476,
            "samples_per_second": 8734.830486384908,
            "avg_time_per_batch": 0.007245834860694669,
            "avg_time_per_sample": 0.00011448419079897576,
            "params_stats": {
                "int_weight_params": 0,
                "float_weight_params": 584051,
                "float_bias_params": 10,
                "bn_param_params": 17100,
                "other_float_params": 0,
                "total_params": 601161,
                "approx_memory_mb_for_params": 2.2932472229003906
            }
        },
        "test_metrics": {
            "accuracy": 0.7679,
            "avg_loss": 0.6692916095256806,
            "samples_per_second": 9650.199007371679,
            "avg_time_per_batch": 0.006600306114647816,
            "avg_time_per_sample": 0.0001036248059999707,
            "params_stats": {
                "int_weight_params": 0,
                "float_weight_params": 584051,
                "float_bias_params": 10,
                "bn_param_params": 17100,
                "other_float_params": 0,
                "total_params": 601161,
                "approx_memory_mb_for_params": 2.2932472229003906
            }
        },
        "relative_sparsity": 0.26877356727509766
    }
}