{
    "metrics_values": {
        "accuracy": 0.1038,
        "avg_loss": 11.461907257080078,
        "samples_per_second": 1117.9679493978072,
        "avg_time_per_batch": 0.028486625019184336,
        "avg_time_per_sample": 0.0008944800256023882,
        "params_stats": {
            "int_weight_params": 2202560,
            "float_weight_params": 0,
            "float_bias_params": 17066,
            "bn_param_params": 0,
            "other_float_params": 0,
            "total_params": 2219626,
            "approx_memory_mb_for_params": 2.1656265258789062
        }
    }
}