{
    "unstructured_sparse_config": {
        "pruning_amount": 0.9
    },
    "metrics_values": {
        "val_metrics": {
            "accuracy": 0.1478,
            "avg_loss": 4.5614653457641605,
            "samples_per_second": 5975.00027620436,
            "avg_time_per_batch": 0.010592658797450676,
            "avg_time_per_sample": 0.00016736400899972068,
            "n_params": 2236682,
            "n_nonzero_params": 254383
        },
        "test_metrics": {
            "accuracy": 0.1444,
            "avg_loss": 4.587888908386231,
            "samples_per_second": 6473.947910742384,
            "avg_time_per_batch": 0.009838551127393853,
            "avg_time_per_sample": 0.00015446525270008352,
            "n_params": 2236682,
            "n_nonzero_params": 254383
        }
    }
}