{
    "unstructured_sparse_config": {
        "pruning_amount": 0.7
    },
    "metrics_values": {
        "val_metrics": {
            "accuracy": 0.8776,
            "avg_loss": 0.34435632095336915,
            "samples_per_second": 8980.31246101437,
            "avg_time_per_batch": 0.0070477658227670725,
            "avg_time_per_sample": 0.00011135469999971975,
            "params_stats": {
                "int_weight_params": 0,
                "float_weight_params": 2202560,
                "float_bias_params": 10,
                "bn_param_params": 34112,
                "other_float_params": 0,
                "total_params": 2236682,
                "approx_memory_mb_for_params": 8.532264709472656
            }
        },
        "test_metrics": {
            "accuracy": 0.8752,
            "avg_loss": 0.3618419756412506,
            "samples_per_second": 8857.201498576522,
            "avg_time_per_batch": 0.007191240656110188,
            "avg_time_per_sample": 0.00011290247830092995,
            "params_stats": {
                "int_weight_params": 0,
                "float_weight_params": 2202560,
                "float_bias_params": 10,
                "bn_param_params": 34112,
                "other_float_params": 0,
                "total_params": 2236682,
                "approx_memory_mb_for_params": 8.532264709472656
            }
        }
    }
}