{
    "unstructured_sparse_config": {
        "pruning_amount": 0.7
    },
    "metrics_values": {
        "val_metrics": {
            "accuracy": 0.8686,
            "avg_loss": 0.3839114749908447,
            "samples_per_second": 8510.816916383365,
            "avg_time_per_batch": 7.436552784806189,
            "avg_time_per_sample": 0.11749753399993779,
            "params_stats": {
                "int_weight_params": 0,
                "float_weight_params": 2202560,
                "float_bias_params": 10,
                "bn_param_params": 34112,
                "other_float_params": 0,
                "total_params": 2236682
            }
        },
        "test_metrics": {
            "accuracy": 0.8719,
            "avg_loss": 0.37607471809387205,
            "samples_per_second": 8470.41367302276,
            "avg_time_per_batch": 7.519617101911101,
            "avg_time_per_sample": 0.11805798850000429,
            "params_stats": {
                "int_weight_params": 0,
                "float_weight_params": 2202560,
                "float_bias_params": 10,
                "bn_param_params": 34112,
                "other_float_params": 0,
                "total_params": 2236682
            }
        }
    }
}