{
    "unstructured_sparse_config": {
        "pruning_amount": 0.7
    },
    "metrics_values": {
        "val_metrics": {
            "accuracy": 0.8452,
            "avg_loss": 0.44096147298812866,
            "samples_per_second": 6141.987929246691,
            "avg_time_per_batch": 0.010304666822793468,
            "avg_time_per_sample": 0.0001628137358001368,
            "n_params": 2236682,
            "n_nonzero_params": 694890
        },
        "test_metrics": {
            "accuracy": 0.8401,
            "avg_loss": 0.45495227823257445,
            "samples_per_second": 6181.925517121272,
            "avg_time_per_batch": 0.010303305554154263,
            "avg_time_per_sample": 0.00016176189720022192,
            "n_params": 2236682,
            "n_nonzero_params": 694890
        }
    }
}