{
    "unstructured_sparse_config": {
        "pruning_amount": 0.9
    },
    "metrics_values": {
        "val_metrics": {
            "accuracy": 0.1208,
            "avg_loss": 4.026775698852539,
            "samples_per_second": 3408.502830078539,
            "avg_time_per_batch": 0.018568603987061373,
            "avg_time_per_sample": 0.0002933839429955697,
            "n_params": 2236682,
            "n_nonzero_params": 254383
        },
        "test_metrics": {
            "accuracy": 0.1257,
            "avg_loss": 3.9744018463134765,
            "samples_per_second": 6303.446536952665,
            "avg_time_per_batch": 0.010104673235908159,
            "avg_time_per_sample": 0.0001586433698037581,
            "n_params": 2236682,
            "n_nonzero_params": 254383
        }
    }
}