{
    "unstructured_sparse_config": {
        "pruning_amount": 0.9
    },
    "metrics_values": {
        "val_metrics": {
            "accuracy": 0.676,
            "avg_loss": 0.9199005897521972,
            "samples_per_second": 8924.651609953953,
            "avg_time_per_batch": 0.007091721000057377,
            "avg_time_per_sample": 0.00011204919180090656,
            "params_stats": {
                "int_weight_params": 0,
                "float_weight_params": 2202560,
                "float_bias_params": 10,
                "bn_param_params": 34112,
                "other_float_params": 0,
                "total_params": 2236682,
                "approx_memory_mb_for_params": 8.532264709472656
            }
        },
        "test_metrics": {
            "accuracy": 0.6736,
            "avg_loss": 0.9407285446166992,
            "samples_per_second": 8881.016361308846,
            "avg_time_per_batch": 0.007171957006341623,
            "avg_time_per_sample": 0.00011259972499956347,
            "params_stats": {
                "int_weight_params": 0,
                "float_weight_params": 2202560,
                "float_bias_params": 10,
                "bn_param_params": 34112,
                "other_float_params": 0,
                "total_params": 2236682,
                "approx_memory_mb_for_params": 8.532264709472656
            }
        }
    }
}