{
    "unstructured_sparse_config": {
        "pruning_amount": 0.9
    },
    "metrics_values": {
        "val_metrics": {
            "accuracy": 0.6468,
            "avg_loss": 0.9936443641662598,
            "samples_per_second": 7898.196069245396,
            "avg_time_per_batch": 8.013366430209835,
            "avg_time_per_sample": 0.12661118959731538,
            "params_stats": {
                "int_weight_params": 0,
                "float_weight_params": 2202560,
                "float_bias_params": 10,
                "bn_param_params": 34112,
                "other_float_params": 0,
                "total_params": 2236682
            }
        },
        "test_metrics": {
            "accuracy": 0.6493,
            "avg_loss": 0.9926348579406739,
            "samples_per_second": 7796.620720183362,
            "avg_time_per_batch": 8.169471082649459,
            "avg_time_per_sample": 0.12826069599759649,
            "params_stats": {
                "int_weight_params": 0,
                "float_weight_params": 2202560,
                "float_bias_params": 10,
                "bn_param_params": 34112,
                "other_float_params": 0,
                "total_params": 2236682
            }
        }
    }
}