{
    "unstructured_sparse_config": {
        "pruning_amount": 0.9
    },
    "metrics_values": {
        "val_metrics": {
            "accuracy": 0.1004,
            "avg_loss": 6.993468683624267,
            "samples_per_second": 5706.892171139309,
            "avg_time_per_batch": 0.011090298772522815,
            "avg_time_per_sample": 0.00017522672060586047,
            "params_stats": {
                "int_weight_params": 0,
                "float_weight_params": 2202560,
                "float_bias_params": 10,
                "bn_param_params": 34112,
                "other_float_params": 0,
                "total_params": 2236682,
                "approx_memory_mb_for_params": 8.532264709472656
            }
        },
        "test_metrics": {
            "accuracy": 0.1068,
            "avg_loss": 6.873264991760254,
            "samples_per_second": 5681.521819466396,
            "avg_time_per_batch": 0.011210775834335471,
            "avg_time_per_sample": 0.0001760091805990669,
            "params_stats": {
                "int_weight_params": 0,
                "float_weight_params": 2202560,
                "float_bias_params": 10,
                "bn_param_params": 34112,
                "other_float_params": 0,
                "total_params": 2236682,
                "approx_memory_mb_for_params": 8.532264709472656
            }
        }
    }
}