{
    "unstructured_sparse_config": {
        "pruning_amount": 0.9
    },
    "metrics_values": {
        "val_metrics": {
            "accuracy": 0.6976,
            "avg_loss": 0.8617740753173828,
            "samples_per_second": 8497.765997653527,
            "avg_time_per_batch": 0.007447973886075799,
            "avg_time_per_sample": 0.00011767798739999761,
            "params_stats": {
                "int_weight_params": 0,
                "float_weight_params": 2202560,
                "float_bias_params": 10,
                "bn_param_params": 34112,
                "other_float_params": 0,
                "total_params": 2236682,
                "approx_memory_mb_for_params": 8.532264709472656
            }
        },
        "test_metrics": {
            "accuracy": 0.6905,
            "avg_loss": 0.8748479553222657,
            "samples_per_second": 8400.752339121642,
            "avg_time_per_batch": 0.007581971821655113,
            "avg_time_per_sample": 0.00011903695759998527,
            "params_stats": {
                "int_weight_params": 0,
                "float_weight_params": 2202560,
                "float_bias_params": 10,
                "bn_param_params": 34112,
                "other_float_params": 0,
                "total_params": 2236682,
                "approx_memory_mb_for_params": 8.532264709472656
            }
        }
    }
}