{
    "unstructured_sparse_config": {
        "pruning_amount": 0.5
    },
    "metrics_values": {
        "val_metrics": {
            "accuracy": 0.8774,
            "avg_loss": 0.3571791612625122,
            "samples_per_second": 6108.04093624148,
            "avg_time_per_batch": 0.010361937632895413,
            "avg_time_per_sample": 0.0001637186145997475,
            "n_params": 2236682,
            "n_nonzero_params": 1135402
        },
        "test_metrics": {
            "accuracy": 0.878,
            "avg_loss": 0.3500837866306305,
            "samples_per_second": 6323.950954432027,
            "avg_time_per_batch": 0.010071910420381198,
            "avg_time_per_sample": 0.00015812899359998481,
            "n_params": 2236682,
            "n_nonzero_params": 1135402
        }
    }
}