{
    "metrics_values": {
        "accuracy": 0.9022,
        "avg_loss": 0.2818845060825348,
        "samples_per_second": 1229.9883869121143,
        "avg_time_per_batch": 0.025892223127337008,
        "avg_time_per_sample": 0.0008130158061983821,
        "params_stats": {
            "int_weight_params": 2202560,
            "float_weight_params": 0,
            "float_bias_params": 17066,
            "bn_param_params": 0,
            "other_float_params": 0,
            "total_params": 2219626,
            "approx_memory_mb_for_params": 2.1656265258789062
        }
    }
}