{
    "metrics_values": {
        "val_metrics": {
            "accuracy": 0.605,
            "avg_loss": 1.1161647315979004,
            "samples_per_second": 6333.022369119672,
            "avg_time_per_batch": 0.009993828467923788,
            "avg_time_per_sample": 0.00015790248979319585,
            "n_params": 601161,
            "n_nonzero_params": 601161
        },
        "test_metrics": {
            "accuracy": 0.7452,
            "avg_loss": 0.7412139627456665,
            "samples_per_second": 7830.180155208908,
            "avg_time_per_batch": 0.008134457477782542,
            "avg_time_per_sample": 0.0001277109824011859,
            "n_params": 601161,
            "n_nonzero_params": 601161
        },
        "relative_sparsity": 1.0
    }
}