{
    "metrics_values": {
        "val_metrics": {
            "accuracy": 0.6102,
            "avg_loss": 1.1172461051940918,
            "samples_per_second": 5493.826252324562,
            "avg_time_per_batch": 0.011520411518971211,
            "avg_time_per_sample": 0.00018202250199974516,
            "n_params": 601161,
            "n_nonzero_params": 601161
        },
        "test_metrics": {
            "accuracy": 0.7128,
            "avg_loss": 0.8151907011032105,
            "samples_per_second": 8524.946596888063,
            "avg_time_per_batch": 0.0074715151340859366,
            "avg_time_per_sample": 0.0001173027876051492,
            "n_params": 601161,
            "n_nonzero_params": 601161
        },
        "relative_sparsity": 1.0
    }
}