{
    "metrics_values": {
        "accuracy": 0.852,
        "avg_loss": 0.4459613035678864,
        "samples_per_second": 657.254791807145,
        "avg_time_per_batch": 0.04845477607001841,
        "avg_time_per_sample": 0.0015214799685985781,
        "params_stats": {
            "int_weight_params": 2202560,
            "float_weight_params": 0,
            "float_bias_params": 17066,
            "bn_param_params": 0,
            "other_float_params": 0,
            "total_params": 2219626,
            "approx_memory_mb_for_params": 2.1656265258789062
        }
    }
}