{
    "metrics_values": {
        "val_metrics": {
            "accuracy": 0.9144,
            "avg_loss": 0.2497599508523941,
            "samples_per_second": 8953.201494033201,
            "avg_time_per_batch": 0.007069106987337018,
            "avg_time_per_sample": 0.00011169189039992489,
            "n_params": 2236682,
            "n_nonzero_params": 2236682
        },
        "test_metrics": {
            "accuracy": 0.9151,
            "avg_loss": 0.2575160602211952,
            "samples_per_second": 9123.233553351622,
            "avg_time_per_batch": 0.006981545210198425,
            "avg_time_per_sample": 0.00010961025980011527,
            "n_params": 2236682,
            "n_nonzero_params": 2236682
        }
    }
}