{
    "metrics_values": {
        "val_metrics": {
            "accuracy": 0.6814,
            "avg_loss": 0.8984534507751465,
            "samples_per_second": 11218.421596030992,
            "avg_time_per_batch": 5.6417151645377945,
            "avg_time_per_sample": 0.08913909959969715,
            "params_stats": {
                "int_weight_params": 0,
                "float_weight_params": 205176,
                "float_bias_params": 10,
                "bn_param_params": 9024,
                "other_float_params": 0,
                "total_params": 214210
            }
        },
        "test_metrics": {
            "accuracy": 0.6813,
            "avg_loss": 0.8886534717559814,
            "samples_per_second": 10028.657007748,
            "avg_time_per_batch": 6.351226038213719,
            "avg_time_per_sample": 0.09971424879995539,
            "params_stats": {
                "int_weight_params": 0,
                "float_weight_params": 205176,
                "float_bias_params": 10,
                "bn_param_params": 9024,
                "other_float_params": 0,
                "total_params": 214210
            }
        },
        "relative_sparsity": 0.09577132556170256
    }
}