{
    "metrics_values": {
        "val_metrics": {
            "accuracy": 0.6704,
            "avg_loss": 0.9248258658409119,
            "samples_per_second": 10860.835631946033,
            "avg_time_per_batch": 0.005827464974641725,
            "avg_time_per_sample": 9.207394659933925e-05,
            "params_stats": {
                "int_weight_params": 0,
                "float_weight_params": 205176,
                "float_bias_params": 10,
                "bn_param_params": 9024,
                "other_float_params": 0,
                "total_params": 214210,
                "approx_memory_mb_for_params": 0.8171463012695312
            }
        },
        "test_metrics": {
            "accuracy": 0.672,
            "avg_loss": 0.9193464133262634,
            "samples_per_second": 10317.44024351447,
            "avg_time_per_batch": 0.00617345640125822,
            "avg_time_per_sample": 9.692326549975405e-05,
            "params_stats": {
                "int_weight_params": 0,
                "float_weight_params": 205176,
                "float_bias_params": 10,
                "bn_param_params": 9024,
                "other_float_params": 0,
                "total_params": 214210,
                "approx_memory_mb_for_params": 0.8171463012695312
            }
        },
        "relative_sparsity": 0.09577132556170256
    }
}