{
    "metrics_values": {
        "val_metrics": {
            "accuracy": 0.5764,
            "avg_loss": 1.1854638523101806,
            "samples_per_second": 11975.148777308625,
            "avg_time_per_batch": 0.005285206924563221,
            "avg_time_per_sample": 8.35062694080989e-05,
            "params_stats": {
                "int_weight_params": 0,
                "float_weight_params": 205176,
                "float_bias_params": 10,
                "bn_param_params": 9024,
                "other_float_params": 0,
                "total_params": 214210,
                "approx_memory_mb_for_params": 0.8171463012695312
            }
        },
        "test_metrics": {
            "accuracy": 0.5775,
            "avg_loss": 1.1824188550949097,
            "samples_per_second": 11145.455460358882,
            "avg_time_per_batch": 0.0057148196179568796,
            "avg_time_per_sample": 8.972266800192302e-05,
            "params_stats": {
                "int_weight_params": 0,
                "float_weight_params": 205176,
                "float_bias_params": 10,
                "bn_param_params": 9024,
                "other_float_params": 0,
                "total_params": 214210,
                "approx_memory_mb_for_params": 0.8171463012695312
            }
        },
        "relative_sparsity": 0.09577132556170256
    }
}