{
    "metrics_values": {
        "accuracy": 0.8008,
        "avg_loss": 0.6162318737983704,
        "samples_per_second": 781.2681917092245,
        "avg_time_per_batch": 0.04076338201903243,
        "avg_time_per_sample": 0.0012799701953976183,
        "params_stats": {
            "int_weight_params": 2202560,
            "float_weight_params": 0,
            "float_bias_params": 17066,
            "bn_param_params": 0,
            "other_float_params": 0,
            "total_params": 2219626,
            "approx_memory_mb_for_params": 2.1656265258789062
        }
    }
}