{
    "metrics_values": {
        "val_metrics": {
            "accuracy": 0.87,
            "avg_loss": 0.3818315880775452,
            "samples_per_second": 721.1373973907392,
            "avg_time_per_batch": 44.16236610830739,
            "avg_time_per_sample": 1.386698295800852,
            "params_stats": {
                "int_weight_params": 2202560,
                "float_weight_params": 0,
                "float_bias_params": 17066,
                "bn_param_params": 0,
                "other_float_params": 0,
                "total_params": 2219626
            }
        },
        "test_metrics": {
            "accuracy": 0.8674,
            "avg_loss": 0.390896204328537,
            "samples_per_second": 713.9602023886225,
            "avg_time_per_batch": 44.748827290721984,
            "avg_time_per_sample": 1.400638294199598,
            "params_stats": {
                "int_weight_params": 2202560,
                "float_weight_params": 0,
                "float_bias_params": 17066,
                "bn_param_params": 0,
                "other_float_params": 0,
                "total_params": 2219626
            }
        }
    }
}