{
    "metrics_values": {
        "accuracy": 0.863,
        "avg_loss": 0.41772424149513243,
        "samples_per_second": 255.84980960873506,
        "avg_time_per_batch": 0.1244758939108254,
        "avg_time_per_sample": 0.003908543068799918,
        "params_stats": {
            "int_weight_params": 2202560,
            "float_weight_params": 0,
            "float_bias_params": 17066,
            "bn_param_params": 0,
            "other_float_params": 0,
            "total_params": 2219626,
            "approx_memory_mb_for_params": 2.1656265258789062
        }
    }
}