{
    "metrics_values": {
        "val_metrics": {
            "accuracy": 0.5074,
            "avg_loss": 1.379321467590332,
            "samples_per_second": 6698.472299738383,
            "avg_time_per_batch": 0.009448593113235423,
            "avg_time_per_sample": 0.00014928777118911968,
            "n_params": 214210,
            "n_nonzero_params": 214210
        },
        "test_metrics": {
            "accuracy": 0.6239,
            "avg_loss": 1.0646604183197022,
            "samples_per_second": 8192.899700069742,
            "avg_time_per_batch": 0.007774325311877231,
            "avg_time_per_sample": 0.00012205690739647252,
            "n_params": 214210,
            "n_nonzero_params": 214210
        },
        "relative_sparsity": 1.0
    }
}