{
    "metrics_values": {
        "val_metrics": {
            "accuracy": 0.5186,
            "avg_loss": 1.3277105197906494,
            "samples_per_second": 11781.239396594328,
            "avg_time_per_batch": 0.0053721970252809115,
            "avg_time_per_sample": 8.488071299943841e-05,
            "n_params": 214210,
            "n_nonzero_params": 214210
        },
        "test_metrics": {
            "accuracy": 0.6154,
            "avg_loss": 1.062570572566986,
            "samples_per_second": 10291.630432463393,
            "avg_time_per_batch": 0.006188938471304763,
            "avg_time_per_sample": 9.716633399948478e-05,
            "n_params": 214210,
            "n_nonzero_params": 214210
        },
        "relative_sparsity": 1.0
    }
}