{
    "metrics_values": {
        "val_metrics": {
            "accuracy": 0.8706,
            "avg_loss": 0.3692050254821777,
            "samples_per_second": 7585.646960704619,
            "avg_time_per_batch": 0.008343538734186928,
            "avg_time_per_sample": 0.00013182791200015345,
            "params_stats": {
                "int_weight_params": 0,
                "float_weight_params": 1456640,
                "float_bias_params": 10,
                "bn_param_params": 27802,
                "other_float_params": 0,
                "total_params": 1484452,
                "approx_memory_mb_for_params": 5.6627349853515625
            }
        },
        "test_metrics": {
            "accuracy": 0.8649,
            "avg_loss": 0.3818217437744141,
            "samples_per_second": 7764.16992856416,
            "avg_time_per_batch": 0.00820361585358844,
            "avg_time_per_sample": 0.00012879676890133852,
            "params_stats": {
                "int_weight_params": 0,
                "float_weight_params": 1456640,
                "float_bias_params": 10,
                "bn_param_params": 27802,
                "other_float_params": 0,
                "total_params": 1484452,
                "approx_memory_mb_for_params": 5.6627349853515625
            }
        },
        "relative_sparsity": 0.6636848689263829
    }
}