{
    "metrics_values": {
        "val_metrics": {
            "accuracy": 0.8778,
            "avg_loss": 0.3638472544670105,
            "samples_per_second": 7387.714354845324,
            "avg_time_per_batch": 8.56707991139317,
            "avg_time_per_sample": 0.1353598626000121,
            "params_stats": {
                "int_weight_params": 0,
                "float_weight_params": 1456640,
                "float_bias_params": 10,
                "bn_param_params": 27802,
                "other_float_params": 0,
                "total_params": 1484452
            }
        },
        "test_metrics": {
            "accuracy": 0.8685,
            "avg_loss": 0.37892202882766723,
            "samples_per_second": 7799.812550694355,
            "avg_time_per_batch": 8.16612798089018,
            "avg_time_per_sample": 0.1282082092999758,
            "params_stats": {
                "int_weight_params": 0,
                "float_weight_params": 1456640,
                "float_bias_params": 10,
                "bn_param_params": 27802,
                "other_float_params": 0,
                "total_params": 1484452
            }
        },
        "relative_sparsity": 0.6636848689263829
    }
}