{
    "metrics_values": {
        "val_metrics": {
            "accuracy": 0.8692,
            "avg_loss": 0.3868843949317932,
            "samples_per_second": 6760.039166869907,
            "avg_time_per_batch": 9.362540316436059,
            "avg_time_per_sample": 0.14792813699968974,
            "params_stats": {
                "int_weight_params": 0,
                "float_weight_params": 1456640,
                "float_bias_params": 10,
                "bn_param_params": 27802,
                "other_float_params": 0,
                "total_params": 1484452
            }
        },
        "test_metrics": {
            "accuracy": 0.8673,
            "avg_loss": 0.3988548875331879,
            "samples_per_second": 6915.287632536624,
            "avg_time_per_batch": 9.21064616549574,
            "avg_time_per_sample": 0.14460714479828313,
            "params_stats": {
                "int_weight_params": 0,
                "float_weight_params": 1456640,
                "float_bias_params": 10,
                "bn_param_params": 27802,
                "other_float_params": 0,
                "total_params": 1484452
            }
        },
        "relative_sparsity": 0.6636848689263829
    }
}