{
    "metrics_values": {
        "val_metrics": {
            "accuracy": 0.8814,
            "avg_loss": 0.36156407680511476,
            "samples_per_second": 7358.03130021574,
            "avg_time_per_batch": 0.008601640392403687,
            "avg_time_per_sample": 0.00013590591819997826,
            "params_stats": {
                "int_weight_params": 0,
                "float_weight_params": 1456640,
                "float_bias_params": 10,
                "bn_param_params": 27802,
                "other_float_params": 0,
                "total_params": 1484452,
                "approx_memory_mb_for_params": 5.6627349853515625
            }
        },
        "test_metrics": {
            "accuracy": 0.8674,
            "avg_loss": 0.38170745062828065,
            "samples_per_second": 8144.356152216358,
            "avg_time_per_batch": 0.00782066333120638,
            "avg_time_per_sample": 0.0001227844142999402,
            "params_stats": {
                "int_weight_params": 0,
                "float_weight_params": 1456640,
                "float_bias_params": 10,
                "bn_param_params": 27802,
                "other_float_params": 0,
                "total_params": 1484452,
                "approx_memory_mb_for_params": 5.6627349853515625
            }
        },
        "relative_sparsity": 0.6636848689263829
    }
}