{
    "metrics_values": {
        "val_metrics": {
            "accuracy": 0.9242,
            "avg_loss": 0.21477387733459471,
            "samples_per_second": 7911.222902166802,
            "avg_time_per_batch": 8.00017140500131,
            "avg_time_per_sample": 0.12640270819902072,
            "params_stats": {
                "int_weight_params": 0,
                "float_weight_params": 2202560,
                "float_bias_params": 10,
                "bn_param_params": 34112,
                "other_float_params": 0,
                "total_params": 2236682
            }
        },
        "test_metrics": {
            "accuracy": 0.9273,
            "avg_loss": 0.20880980265140534,
            "samples_per_second": 7854.464952039895,
            "avg_time_per_batch": 8.109306987152756,
            "avg_time_per_sample": 0.12731611969829829,
            "params_stats": {
                "int_weight_params": 0,
                "float_weight_params": 2202560,
                "float_bias_params": 10,
                "bn_param_params": 34112,
                "other_float_params": 0,
                "total_params": 2236682
            }
        }
    }
}