{
    "metrics_values": {
        "val_metrics": {
            "accuracy": 0.9264,
            "avg_loss": 0.21165555934906005,
            "samples_per_second": 7964.497062851774,
            "avg_time_per_batch": 7.946658620254956,
            "avg_time_per_sample": 0.1255572062000283,
            "params_stats": {
                "int_weight_params": 0,
                "float_weight_params": 2202560,
                "float_bias_params": 10,
                "bn_param_params": 34112,
                "other_float_params": 0,
                "total_params": 2236682
            }
        },
        "test_metrics": {
            "accuracy": 0.9254,
            "avg_loss": 0.21569390919208525,
            "samples_per_second": 8007.806169620549,
            "avg_time_per_batch": 7.954022133747742,
            "avg_time_per_sample": 0.12487814749983954,
            "params_stats": {
                "int_weight_params": 0,
                "float_weight_params": 2202560,
                "float_bias_params": 10,
                "bn_param_params": 34112,
                "other_float_params": 0,
                "total_params": 2236682
            }
        }
    }
}