{
    "metrics_values": {
        "val_metrics": {
            "accuracy": 0.9254,
            "avg_loss": 0.21455251355171204,
            "samples_per_second": 9594.238581494608,
            "avg_time_per_batch": 0.006596786050597328,
            "avg_time_per_sample": 0.00010422921959943779,
            "params_stats": {
                "int_weight_params": 0,
                "float_weight_params": 2202560,
                "float_bias_params": 10,
                "bn_param_params": 34112,
                "other_float_params": 0,
                "total_params": 2236682,
                "approx_memory_mb_for_params": 8.532264709472656
            }
        },
        "test_metrics": {
            "accuracy": 0.9288,
            "avg_loss": 0.20640371625423432,
            "samples_per_second": 9116.575566348814,
            "avg_time_per_batch": 0.006986643948966146,
            "avg_time_per_sample": 0.00010969030999876849,
            "params_stats": {
                "int_weight_params": 0,
                "float_weight_params": 2202560,
                "float_bias_params": 10,
                "bn_param_params": 34112,
                "other_float_params": 0,
                "total_params": 2236682,
                "approx_memory_mb_for_params": 8.532264709472656
            }
        }
    }
}