{
    "metrics_values": {
        "accuracy": 0.7362,
        "avg_loss": 0.7653968421936035,
        "samples_per_second": 446.1332815849598,
        "avg_time_per_batch": 0.07138479703827465,
        "avg_time_per_sample": 0.0022414826270018237,
        "params_stats": {
            "int_weight_params": 2202560,
            "float_weight_params": 0,
            "float_bias_params": 10,
            "bn_param_params": 34112,
            "other_float_params": 0,
            "total_params": 2236682,
            "approx_memory_mb_for_params": 2.2306900024414062
        }
    }
}